0001,.KL
000553,.SZ
000660,.KS
000768,.SZ
0019,.HK
002027,.KS
0027,.HK
003490,.KS
005930,.KS
006040,.KS
006260,.KS
006400,.KS
0168,.KL
0220,.KL
0288,.KL
0291,.KL
0293,.DE
030000,.VI
0322,.KL
035720,.KS
042660,.KS
051910,.KS
066570,.KS
0669,.HK
068270,.KS
0839,.HK
0880,.HK
0916,.HK
096770,.KS
0992,.DE
1044,.HK
1070,.HK
1088,.HK
1211,.HK
1301,.TW
1326,.TW
1448,.HK
161390,.KS
1810,.TW
1910,.HK
1913,.HK
2010,.TW
2020,.TO
207940,.KS
2168,.HK
2208,.TW
2269,.HK
2317,.TW
2319,.HK
2331,.TW
2352,.TW
2353,.TW
2357,.TW
2408,.TW
2433,.TW
2501,.DE
2503,.HK
2587,.HK
2593,.KL
300750,.SZ
329180,.KS
3401,.HK
3402,.DE
373220,.KS
3861,.HK
4042,.HK
4043,.HK
4063,.HK
4188,.L
4452,.DE
4543,.HK
4612,.HK
4661,.HK
4902,.DE
5101,.KL
5108,.KL
5110,.KL
5201,.DE
5202,.KL
5225,.KL
5233,.HK
5238,.KL
5332,.KL
5801,.DE
5802,.HK
5938,.HK
600009,.SS
600060,.SS
600500,.SS
600580,.SW
600887,.SS
6098,.HK
6754,.TW
6902,.TW
6971,.KL
7012,.DE
7201,.KL
7202,.DE
7203,.KL
7272,.DE
7780,.TW
8630,.L
8TRA,.DE
9783,.L
9983,.HK
ABB,.MC
ABDN,.L
ABF,.L
AC,.PA
ADS,.DE
AE,.V
AENA,.MC
AFX,.DE
AGRO,.L
AGS,.L
AHH,.L
AKE,.PA
AKZA,.AS
AL,.L
ALE,.TO
ALLAN,.PA
ALLG,.L
AMBI,.ST
AMED,.DE
AMPS,.L
AMV,.WA
ANA,.MC
AOT,.L
APGN,.SW
ARCAD,.AS
ARCH,.PA
ARYN,.SW
ASAI,.L
ASC,.L
ASHM,.L
ASIANPAINT,.NS
AUROPHARMA,.NS
BAJAJ-AUTO,.NS
BAS,.L
BAYN,.DE
BECN,.V
BEI,.DE
BFI,.SI
BFSA,.DE
BIG,.L
BIOCON,.NS
BLUE,.PA
BMW,.DE
BNZL,.L
BOWL,.L
BP,.DE
BRBY,.L
BVB,.DE
BVIC,.JK
BZU,.MI
C6L,.SI
CAG,.DE
CALN,.SW
CAP,.DE
CASA,.V
CCA,.TO
CFP,.TO
CHUY,.DE
CHX,.V
CIPLA,.NS
CLTN,.SW
CMCX,.L
CNSL,.L
COMM,.L
CPR,.MI
CS,.PA
CWR,.L
CYBR,.L
DADA,.JK
DELG,.DE
DFS,.L
DHL,.DE
DIT,.V
DNB,.OL
DNLM,.L
EBR,.PA
EC,.PA
ECHO,.VI
EDR,.MC
ENDP,.L
ENT,.L
EQNR,.ST
ERF,.PA
ETL,.L
EVK,.DE
EXO,.AS
EXPN,.L
FHZN,.SW
FI,.TO
FL,.L
FORD,.VI
FREY,.PA
FRVIA,.PA
G13,.SI
GEBN,.SW
GIS,.DE
GLEN,.L
GMS,.L
GOGL,.WA
GPS,.DE
HA,.V
HAG,.DE
HEIA,.AS
HEN3,.DE
HEROMOTOCO,.NS
HES,.TO
HIK,.L
HNR1,.DE
HO,.PA
HOLN,.DE
HRT,.V
ICD,.WA
IFP,.TO
IGG,.L
IGT,.L
INF,.L
ISS,.CO
ITP,.PA
ITX,.L
IVC,.NS
IVG,.MI
J36,.SI
JDEP,.AS
JMAT,.L
JUP,.L
JUVE,.MI
K,.DE
KEMIRA,.HE
KLR,.L
KNIN,.DE
KRX,.V
KTA,.DE
LAZR,.L
LDO,.MI
LGEN,.L
LHA,.DE
LL,.V
LND,.L
LSEG,.L
M&M,.NS
MAG,.V
MAIRE,.MI
MDM,.PA
MDV,.WA
MEKO,.ST
METSB,.HE
ML,.PA
MMC,.V
MONC,.MI
MRC,.L
MRO,.L
MTO,.L
MUV2,.DE
NACON,.PA
NAPA,.OL
NAV,.V
NDX1,.DE
NEL,.V
NESN,.DE
NESTE,.HE
NEX,.PA
NOC,.DE
NOVA,.PA
OCI,.L
OMI,.L
OML,.L
ORSTED,.CO
OSP,.L
PAGE,.L
PAGEIND,.NS
PAM,.L
PARRO,.PA
PCELL,.ST
PCH,.L
PFC,.TO
PGHN,.SW
PIRC,.MI
PNDORA,.CO
PRMW,.TO
PRY,.MI
PSG,.MC
PSTG,.DE
PUB,.L
PUM,.DE
QAN,.DE
RAT,.L
RCM,.WA
RDUS,.VI
RMS,.PA
RRD,.TO
RRTL,.DE
RTL,.MI
RWC,.TO
RWI,.DE
S32,.L
S58,.SI
S63,.SI
SALM,.OL
SAND,.ST
SANOMA,.HE
SAVE,.L
SAX,.DE
SCHN,.DE
SCR,.PA
SCS,.V
SDR,.L
SDZ,.SW
SEE,.L
SFER,.MI
SGD,.L
SGM,.DE
SGO,.PA
SHI,.L
SHL,.L
SIKA,.DE
SILV,.L
SNR,.L
SOHO,.L
SOI,.L
SOL,.DE
SOLB,.DE
SOND,.SW
SPI,.L
SPR,.L
SREN,.SW
SSL,.L
STERV,.DE
STMN,.SW
STR,.PA
SUM,.V
SUNPHARMA,.NS
SY1,.DE
TCOM,.TO
TCS,.DE
TEF,.DE
TEN,.MI
TIT,.MI
TPX,.L
TVSMOTOR,.NS
UMG,.DE
UPL,.L
USAP,.PA
VETO,.PA
VIE,.DE
VIRP,.PA
VOW3,.DE
VWE,.V
VWS,.CO
WIRE,.L
WIZZ,.L
WKL,.AS
WNS,.L
WSP,.L
X,.MC
XIN,.TO
Y92,.SI
YAR,.OL
ZEUS,.TO
ZURN,.SW
ERJ,.MX
ZTO,.MX
PCRFY,.BA
ATUS,.MX
ORAN,.MX
SNP,.BA
6301,.MX
6501,.MX
HLIT,.TO
DOW,.DE
ERIC,.DE
WLK,.L
NTR,.L
CF,.TO
AI,.TO
MOS,.NS
SDF,.VI
CRDA,.L
CLN,.V
CE,.MI
GIVN,.DE
ECL,.L
IFF,.VI
NEU,.WA
XYL,.VI
SEDG,.VI
NXT,.MI
ENPH,.VI
JKS,.VI
RUN,.VI
STEM,.L
NEE,.TO
PLUG,.L
VLO,.VI
ABT,.DE
RMD,.V
XRAY,.DE
DXCM,.VI
COO,.L
ALC,.TO
ALGN,.VI
BLCO,.TO
HSIC,.VI
EL,.PA
MSA,.V
BRC,.V
QUAD,.MI
XRX,.DE
ANET,.TO
ORI,.DE
AMUN,.PA
AA,.DE
NRP,.AS
CCJ,.DE
NC,.V
SXC,.TO
NXE,.TO
DNN,.MI
EU,.V
UEC,.VI
HRB,.DE
ROL,.VI
RBA,.TO
ACCO,.ST
MMS,.L
DLB,.PA
CDW,.L
FIS,.AS
BR,.TO
